Bibek35,bibek35_173003,24/05/2025, 17:29:47,static/admins/bibek35_173003.jpg
Bibek35,bibek35_144025,25/05/2025, 14:40:13,static/admins/bibek35_144025.jpg
Bibek35,bibek35_145146,25/05/2025, 14:51:29,static/admins/bibek35_145146.jpg
Bibek35,bibek35_150059,25/05/2025, 15:00:48,static/admins/bibek35_150059.jpg
Bibek35,bibek35_150541,25/05/2025, 15:05:32,static/admins/bibek35_150541.jpg
Bibek35,bibek35_150621,25/05/2025, 15:06:18,static/admins/bibek35_150621.jpg
Bibek35,bibek35_151227,25/05/2025, 15:12:21,static/admins/bibek35_151227.jpg
Bibek35,bibek35_151256,25/05/2025, 15:12:52,static/admins/bibek35_151256.jpg
Bibek35,bibek35_152630,25/05/2025, 15:26:23,static/admins/bibek35_152630.jpg
Bibek35,bibek35_205522,25/05/2025, 20:55:14,static/admins/bibek35_205522.jpg
Bibek35,bibek35_210604,25/05/2025, 21:05:59,static/admins/bibek35_210604.jpg
Bibek35,bibek35_211037,25/05/2025, 21:10:32,static/admins/bibek35_211037.jpg
Bibek35,bibek35_211552,25/05/2025, 21:15:47,static/admins/bibek35_211552.jpg
Bibek35,bibek35_212042,25/05/2025, 21:20:35,static/admins/bibek35_212042.jpg
Bibek35,bibek35_212239,25/05/2025, 21:22:34,static/admins/bibek35_212239.jpg
Bibek35,bibek35_213412,25/05/2025, 21:34:08,static/admins/bibek35_213412.jpg
Bibek35,bibek35_213442,25/05/2025, 21:34:40,static/admins/bibek35_213442.jpg
Bibek35,bibek35_213904,25/05/2025, 21:38:55,static/admins/bibek35_213904.jpg
Bibek35,bibek35_173443,27/05/2025, 17:34:38,static/admins/bibek35_173443.jpg
Bibek35,bibek35_173549,27/05/2025, 17:35:40,static/admins/bibek35_173549.jpg
Bibek35,bibek35_205801,27/05/2025, 20:57:54,static/admins/bibek35_205801.jpg
Bibek35,bibek35_224547,27/05/2025, 22:45:41,static/admins/bibek35_224547.jpg
Bibek35,bibek35_225033,27/05/2025, 22:50:28,static/admins/bibek35_225033.jpg
Bibek35,bibek35_225053,27/05/2025, 22:50:50,static/admins/bibek35_225053.jpg
Bibek35,bibek35_134724,28/05/2025, 13:46:51,static/admins/bibek35_134724.jpg
